"SampleID","HBG2","STMN2","PRG2","S100A2","PSG5","Cluster"
"SRR1274084",-1,-1,-1,-1,-1,"C1"
"SRR1274085",-1,-1,-1,-1,-1,"C1"
"SRR1274086",-1,-1,-1,-1,-1,"C1"
"SRR1274087",-1,-1,-1,-1,-1,"C1"
"SRR1274088",-1,-1,-1,-1,-1,"C1"
"SRR1274089",-1,-0.390434132138187,-1,-1,-1,"C1"
"SRR1274090",-1,-1,-1,-1,-1,"C1"
"SRR1274091",14.4213211120955,-1,2.41006969175638,-1,-1,"C0"
"SRR1274092",-1,-1,-1,12.8391949484128,-1,"C3"
"SRR1274093",-1,-1,0.538637485170643,13.3287631158175,-1,"C3"
"SRR1274094",-1,-1,-1,12.8553971836352,-1,"C3"
"SRR1274095",-1,-1,-1,13.4582948308015,-1,"C3"
"SRR1274096",-1,-1,-1,13.8419767835874,3.25581794011496,"C3"
"SRR1274097",-1,-1,-1,13.4733808657008,-1,"C3"
"SRR1274098",-1,-1,-1,13.598223030598,-1,"C3"
"SRR1274099",-1,-1,-1,14.0183120894188,-0.254289378011999,"C3"
"SRR1274100",-1,-1,-1,14.1893704877911,2.42661364340622,"C3"
"SRR1274101",-1,-1,-1,13.9775278206844,-1,"C3"
"SRR1274102",-1,-1,-1,13.513040943603,-1,"C3"
"SRR1274103",-1,-1,-1,13.6666437881763,-1,"C3"
"SRR1274104",-1,-1,-1,13.2142676752971,-1,"C3"
"SRR1274105",-1,-1,1.17581199372173,14.284380049,-1,"C3"
"SRR1274106",-1,-1,-1,13.7937081751738,-1,"C3"
"SRR1274107",-1,-1,-1,14.0265146590668,-1,"C3"
"SRR1274108",-1,-1,-1,13.4960912438653,-1,"C3"
"SRR1274109",-1,-1,-1,14.1482832353765,-0.0488598532337944,"C3"
"SRR1274110",-1,-1,-1,14.3876263723883,-1,"C3"
"SRR1274111",-1,4.5724289023149,-1,-1,-1,"C1"
"SRR1274112",-1,-1,-1,-1,-1,"C1"
"SRR1274113",-1,-1,-1,-1,-1,"C1"
"SRR1274114",-1,-1,-1,-1,-1,"C1"
"SRR1274115",-1,-0.355682221662423,-1,-1,-1,"C1"
"SRR1274116",-1,-1,-1,-1,-1,"C1"
"SRR1274117",-1,5.44530625325346,-1,-1,-1,"C1"
"SRR1274118",-1,4.6704211503302,-1,-1,-1,"C1"
"SRR1274119",-1,9.1097813015138,-1,-1,-1,"C1"
"SRR1274120",-1,7.96908485501181,-1,-1,-1,"C1"
"SRR1274121",-1,-1,-1,-1,-1,"C1"
"SRR1274122",-1,-1,-1,-1,-1,"C1"
"SRR1274123",-1,-1,-1,-1,-1,"C1"
"SRR1274124",-1,-1,-1,-1,-1,"C1"
"SRR1274125",-1,0.658554260650898,-1,-1,-1,"C1"
"SRR1274126",-1,-1,-1,-1,-1,"C1"
"SRR1274127",-1,0.23364268300881,-1,-1,-1,"C1"
"SRR1274128",-1,-1,-1,-1,-1,"C1"
"SRR1274129",-1,-0.382513433586644,-1,-1,-1,"C1"
"SRR1274130",-1,-1,-1,-1,-1,"C1"
"SRR1274131",-1,4.43811982427074,-1,-1,-1,"C1"
"SRR1274132",-1,5.30422992252455,-1,-1,-1,"C1"
"SRR1274133",-1,-1,-1,-1,-1,"C1"
"SRR1274147",-1,-1,0.729444006833663,14.1061485232109,-1,"C3"
"SRR1274148",-1,-1,-1,14.120680857992,-1,"C3"
"SRR1274149",-1,-1,0.799833334725061,13.4229699389063,-1,"C3"
"SRR1274150",-1,-1,-1,12.9698089424829,-1,"C3"
"SRR1274151",-1,-1,-1,14.2008421969498,-1,"C3"
"SRR1274152",-1,-1,-1,14.4577304286153,-1,"C3"
"SRR1274153",-1,-1,-1,14.0339351069544,-0.18984484692168,"C3"
"SRR1274154",-1,-1,-1,14.1348502421309,-1,"C3"
"SRR1274155",-1,-1,-1,14.1721782737391,-1,"C3"
"SRR1274156",-1,-1,-1,14.2310749533979,-1,"C3"
"SRR1274157",-1,-1,1.0455128670835,14.5610423510227,-1,"C3"
"SRR1274158",-1,-1,-1,14.6785279310218,-1,"C3"
"SRR1274159",-1,-1,0.569296645561645,14.0401492295293,-1,"C3"
"SRR1274160",-1,-1,-1,14.1727104175931,-1,"C3"
"SRR1274161",-1,-1,-1,14.4975173580739,-1,"C3"
"SRR1274162",-1,-1,-1,14.5381692731369,-1,"C3"
"SRR1274163",-1,-1,-1,15.1398523341089,2.74721551211897,"C3"
"SRR1274164",-1,-1,-1,15.2892922787207,3.7801630920591,"C3"
"SRR1274165",-1,-1,1.29801306375154,14.2002110543465,-1,"C3"
"SRR1274166",3.69396638226993,-1,-1,14.3300844911394,-1,"C3"
"SRR1274167",-1,-1,-1,13.9293388736337,-1,"C3"
"SRR1274168",-1,-1,-1,13.9128957340594,-1,"C3"
"SRR1274169",-1,-1,-1,14.2512961737726,-1,"C3"
"SRR1274170",-1,-1,-1,14.51986093166,-1,"C3"
"SRR1274171",-1,-1,-1,13.515296191826,0.613908778796663,"C3"
"SRR1274172",-1,-1,-1,14.0258313310112,-1,"C3"
"SRR1274173",-1,-1,-1,13.7504871112871,3.71514657712335,"C3"
"SRR1274174",-1,-1,-1,13.2529520952627,5.210610956299,"C3"
"SRR1274175",-1,-1,0.733961663308921,14.105105565133,-1,"C3"
"SRR1274176",-1,-1,-1,14.1372077162873,-1,"C3"
"SRR1274177",-1,-1,-1,13.6401625054502,-1,"C3"
"SRR1274178",-1,-1,-1,13.1462496661366,-1,"C3"
"SRR1274179",-1,-1,1.42266359165502,14.3759148112649,-1,"C3"
"SRR1274180",-1,-1,-1,13.8827871588403,-1,"C3"
"SRR1274181",-1,-1,-1,13.7094588085023,0.638212885423406,"C3"
"SRR1274182",-1,-1,-1,13.8830537921858,-1,"C3"
"SRR1274183",-1,-1,-1,13.9829062993401,-1,"C3"
"SRR1274184",-1,-1,-1,14.2944543009849,-1,"C3"
"SRR1274185",-1,-1,-1,14.1852427944744,-1,"C3"
"SRR1274186",-1,-1,-1,12.9259317906411,-1,"C3"
"SRR1274187",-1,-1,-1,13.3143921184201,-1,"C3"
"SRR1274192",-1,-1,-1,-1,-1,"C6"
"SRR1274193",-1,-1,-1,-1,-1,"C6"
"SRR1274194",-1,-1,-1,3.64886805292433,-1,"C6"
"SRR1274195",-1,-1,-1,-1,-1,"C6"
"SRR1274196",-1,0.0137838154330997,-1,-1,-1,"C6"
"SRR1274197",-1,-1,-1,-1,-1,"C6"
"SRR1274198",-1,-1,-1,5.88575249399996,-1,"C6"
"SRR1274199",-1,-1,-1,-1,-1,"C6"
"SRR1274200",-1,-1,-1,-1,-1,"C6"
"SRR1274201",-1,-1,-1,-1,-1,"C6"
"SRR1274202",-1,-1,-1,0.419107366784361,-1,"C6"
"SRR1274203",-1,-1,-1,-1,-1,"C6"
"SRR1274204",-1,-1,-1,-1,-1,"C6"
"SRR1274205",-1,-1,-1,-1,-1,"C6"
"SRR1274206",-1,-1,-1,-1,-1,"C6"
"SRR1274207",-1,-1,-1,-1,-1,"C6"
"SRR1274208",-1,-1,-1,3.48888771701333,-1,"C6"
"SRR1274210",-1,-1,-1,7.50174644150528,-1,"C6"
"SRR1274211",-1,-1,-1,7.14800975985915,-1,"C6"
"SRR1274212",-1,-1,-1,3.17917661199782,3.52904630489601,"C6"
"SRR1274214",-1,-1,-1,5.18437155112043,-1,"C6"
"SRR1274215",-1,-1,-1,-1,-1,"C6"
"SRR1274216",-1,-1,-1,2.52914628203026,-1,"C6"
"SRR1274217",-1,-1,-1,-1,-1,"C6"
"SRR1274218",-1,-1,-1,-1,-1,"C6"
"SRR1274219",-1,-1,-1,-1,-1,"C6"
"SRR1274220",-1,-0.559154081762734,-1,2.33436804636191,-1,"C6"
"SRR1274221",-1,-1,-1,-1,-1,"C6"
"SRR1274222",-1,1.14463377288515,-1,3.34539637539127,-1,"C6"
"SRR1274223",-1,-1,-1,-1,-1,"C6"
"SRR1274224",-1,-1,-1,2.74646326327429,-1,"C6"
"SRR1274226",-1,-1,-1,5.18039852833569,-1,"C6"
"SRR1274227",-1,-1,-1,-1,-1,"C6"
"SRR1274228",-1,-1,-1,4.62673115067279,-1,"C6"
"SRR1274229",-1,-1,-1,-1,-1,"C6"
"SRR1274230",-1,-1,-1,-1,-1,"C6"
"SRR1274231",-1,-1,-1,-1,-1,"C6"
"SRR1274232",-1,-1,-1,-1,-1,"C6"
"SRR1274233",-1,-1,-1,-1,-1,"C6"
"SRR1274234",-1,-1,-1,3.52231944890936,-1,"C6"
"SRR1274235",-1,-1,-1,7.46790465414871,-1,"C6"
"SRR1274236",-1,-1,-1,-1,-1,"C7"
"SRR1274237",-1,-1,-1,-1,-1,"C7"
"SRR1274238",-1,-1,-1,-1,-1,"C7"
"SRR1274239",-1,-1,-1,-1,-1,"C7"
"SRR1274240",-1,-1,-0.307037247227081,-1,-1,"C7"
"SRR1274241",-1,-1,-1,-1,-1,"C7"
"SRR1274242",-1,0.19295161806985,-1,2.76898883306782,-1,"C7"
"SRR1274243",-1,-1,-1,-1,-1,"C7"
"SRR1274244",-1,-1,-1,-1,-1,"C7"
"SRR1274245",-1,-1,-1,-1,-1,"C7"
"SRR1274246",-1,-1,5.86267702725297,-1,-1,"C7"
"SRR1274247",-1,-1,6.9090061986367,-1,-1,"C7"
"SRR1274248",-1,-1,-1,-1,-1,"C7"
"SRR1274249",-1,-1,-1,-1,-1,"C7"
"SRR1274250",-1,-1,-1,-1,-1,"C7"
"SRR1274251",-1,-1,-1,-1,-1,"C7"
"SRR1274252",-1,-1,-1,-1,-1,"C7"
"SRR1274253",-1,-1,-1,-1,-1,"C7"
"SRR1274254",-1,-1,-0.318505756585215,-1,-1,"C7"
"SRR1274255",-1,-1,-1,-1,-1,"C7"
"SRR1274256",-1,0.113167056732735,-1,6.94322512151465,-1,"C7"
"SRR1274257",-1,-1,-1,7.52659000380664,-1,"C7"
"SRR1274258",-1,-1,-1,-1,-1,"C7"
"SRR1274259",-1,-1,-1,-1,-1,"C7"
"SRR1274260",-1,-1,-1,-1,-1,"C7"
"SRR1274261",-1,-1,-1,-1,-1,"C7"
"SRR1274262",-1,-1,-1,-1,-1,"C7"
"SRR1274263",-1,-1,-1,-1,-1,"C7"
"SRR1274264",-1,-1,-1,-1,-1,"C7"
"SRR1274265",-1,-1,-1,-1,-1,"C7"
"SRR1274266",-1,-1,-1,-1,-1,"C7"
"SRR1274268",-1,-1,-0.0667295284676728,-1,-1,"C7"
"SRR1274269",-1,-1,-1,-1,-1,"C7"
"SRR1274270",-1,-1,-1,-1,10.2347433189872,"C4"
"SRR1274274",-1,-1,-1,2.99810521903664,10.0023617469328,"C4"
"SRR1274275",-1,-1,-1,-1,10.1565761130365,"C4"
"SRR1274276",-1,-1,-1,1.70199255373134,9.68658596581588,"C4"
"SRR1274277",-1,-1,-1,5.31806009832107,9.53125063723735,"C4"
"SRR1274278",-1,-1,-1,-1,10.553640236472,"C4"
"SRR1274279",-1,-1,-1,-1,10.4986120945247,"C4"
"SRR1274280",-1,-1,-1,-1,12.2639461045523,"C4"
"SRR1274281",-1,-1,-1,-1,12.3833616657128,"C4"
"SRR1274282",-1,7.45300223895608,-1,1.94860084749336,10.8428710654814,"C4"
"SRR1274283",-1,7.6785839427982,-1,-1,10.9046174627519,"C4"
"SRR1274284",-1,-1,-1,2.93781516880342,10.5499018881729,"C4"
"SRR1274285",-1,-1,-1,-1,10.6264762805057,"C4"
"SRR1274286",-1,-1,-1,1.46962553850123,11.2378384181545,"C4"
"SRR1274287",-1,-1,-1,-1,11.1349890412235,"C4"
"SRR1274288",-1,2.76634073311638,-1,2.42104821242356,11.2780854280048,"C4"
"SRR1274289",-1,4.82529718539685,-1,-1,11.1823790200324,"C4"
"SRR1274290",-1,-1,-1,1.21356503058917,10.657119942527,"C4"
"SRR1274291",-1,-1,-1,4.92216929873972,10.2944189182786,"C4"
"SRR1274292",-1,-1,-1,3.32988421999714,10.8014083926474,"C4"
"SRR1274293",-1,-1,-1,-1,10.7358272758469,"C4"
"SRR1274294",-1,-1,-1,2.8158418110231,11.455253593711,"C4"
"SRR1274295",-1,-1,-1,-1,11.5675042358343,"C4"
"SRR1274296",-1,-1,-1,3.29163302454012,9.43314223724977,"C4"
"SRR1274297",-1,-1,-1,-1,9.72214647175162,"C4"
"SRR1274298",-1,-1,-1,1.43781364818791,10.869775652998,"C4"
"SRR1274299",-1,-1,-1,-1,11.0607238262237,"C4"
"SRR1274300",-1,-1,-1,-1,11.5275478684057,"C4"
"SRR1274301",-1,-1,-1,-1,11.4754422791036,"C4"
"SRR1274302",-1,-1,-1,-1,10.3863398773995,"C4"
"SRR1274303",-1,-1,-1,-1,10.2727354465643,"C4"
"SRR1274304",-1,2.20907899618453,-1,1.87833298492591,9.66803240801648,"C4"
"SRR1274305",-1,4.19218627305694,-1,-1,9.44638092993445,"C4"
"SRR1274306",-1,-1,-1,-1,9.63151194767297,"C4"
"SRR1274308",-1,-1,-1,-1,10.5047053945081,"C4"
"SRR1274309",-1,-1,-1,-1,10.4994797866595,"C4"
"SRR1274310",-1,-1,-1,3.91675369171672,11.050862162921,"C4"
"SRR1274311",-1,-1,-1,4.6612080315625,11.220961334397,"C4"
"SRR1274312",-1,-1,-1,-1,0.306962124140456,"C4"
"SRR1274313",-1,-1,-1,-1,-1,"C4"
"SRR1274314",-1,-1,-1,4.82185304905696,11.0957039914175,"C4"
"SRR1274315",-1,-1,-1,5.77259830079109,11.0329767708331,"C4"
"SRR1274316",-1,-1,-1,-1,10.44445194011,"C4"
"SRR1274317",-1,-1,-1,-1,10.9724897607479,"C4"
"SRR1274320",-1,-1,-1,0.801903614678655,10.6874322877662,"C4"
"SRR1274321",-1,-1,-1,-1,10.8557839547493,"C4"
"SRR1274322",-1,4.56470130581929,-1,-1,10.5831630821881,"C4"
"SRR1274323",-1,4.45331344087462,-1,-1,10.68853165095,"C4"
"SRR1274326",-1,-1,-1,-1,10.7306644081679,"C4"
"SRR1274327",-1,-1,-1,-1,10.7424566457905,"C4"
"SRR1274328",-1,-1,-1,1.86488936446975,12.3427401493072,"C4"
"SRR1274329",-1,-1,-1,-1,12.4056559432615,"C4"
"SRR1274330",-1,8.34160377018642,-1,1.07669590183038,11.2450951068461,"C4"
"SRR1274331",-1,7.99946565304889,-1,-1,11.0248841604979,"C4"
"SRR1274332",-1,-1,-1,2.97997044387108,9.85688192078207,"C4"
"SRR1274333",-1,-1,-1,-1,10.1151271653473,"C4"
"SRR1274334",-1,6.93492924769235,-1,-1,8.56608639376565,"C4"
"SRR1274335",-1,7.0599371015067,-1,-1,8.40455447752708,"C4"
"SRR1274336",-1,-1,-1,1.76867131759657,2.02094661351356,"C4"
"SRR1274337",-1,-1,-1,-1,-1,"C4"
"SRR1274338",-1,-1,-1,4.88733517339843,11.2594196212448,"C4"
"SRR1274339",-1,-1,-1,-1,11.111000655837,"C4"
"SRR1274340",-1,4.66724498075874,5.25038180279612,0.87860764571753,10.1486425778902,"C4"
"SRR1274341",-1,5.00196433409429,6.73976036127971,-1,10.3950277645391,"C4"
"SRR1274342",-1,6.86661006398557,-1,-1,10.4818994079768,"C4"
"SRR1274343",-1,6.68650192785734,-1,-1,10.5813290250345,"C4"
"SRR1274344",12.8342357039997,-1,-1,-1,-1,"C0"
"SRR1274345",13.3303731327732,-1,-1,-1,-1,"C0"
"SRR1274346",11.2085047011327,-1,-1,-1,-1,"C0"
"SRR1274347",10.9905743589522,-1,-1,-1,-1,"C0"
"SRR1274348",13.7958686438006,-1,-1,-1,-1,"C0"
"SRR1274349",13.8435860351675,-1,-1,-1,-1,"C0"
"SRR1274350",12.7803134828168,-1,-1,-1,-1,"C0"
"SRR1274351",12.2563214278496,-1,-1,-1,-1,"C0"
"SRR1274352",12.9921929222656,-1,2.07450543636363,-1,-1,"C0"
"SRR1274353",13.3403024439188,-1,-1,-1,-1,"C0"
"SRR1274354",15.8662871664599,-1,-1,-1,-1,"C0"
"SRR1274355",16.171662737772,-1,-1,-1,-1,"C0"
"SRR1274356",13.3937506169666,-1,-1,-1,-1,"C0"
"SRR1274357",13.6160691138717,-1,-1,-1,-1,"C0"
"SRR1274358",13.4213243274783,-1,-1,-1,-1,"C0"
"SRR1274359",13.7154267557648,-1,-1,-1,-1,"C0"
"SRR1274360",14.081078176609,-1,5.44762878420633,-1,-1,"C0"
"SRR1274361",14.36261647488,-1,6.25956250362476,-1,-1,"C0"
"SRR1274362",13.0030322999112,-1,4.1684173991813,-1,-1,"C0"
"SRR1274363",13.2921286565584,-1,-1,-1,-1,"C0"
"SRR1274364",14.9068639017463,-1,5.75367673340235,-1,-1,"C0"
"SRR1274365",15.1551885114163,-1,6.82330099557427,-1,-1,"C0"
"SRR1274366",11.8121196928491,-1,-1,-1,-1,"C0"
"SRR1274367",10.9568801774844,-1,-1,-1,-1,"C0"
"SRR1274368",15.2852088784142,-1,-1,-1,-1,"C0"
"SRR1274369",15.5695617538664,-1,-1,-1,-1,"C0"
"SRR1274370",12.3570962246329,-1,8.86038151942225,-1,-1,"C0"
"SRR1274371",12.8982131338169,-1,9.4545697093271,-1,-1,"C0"
"SRR1274372",14.285560821343,-1,5.90373003852184,-1,-1,"C0"
"SRR1274373",14.5717373704767,-1,6.25489633639012,-1,-1,"C0"
"SRR1274374",14.8329855974543,-1,7.06384157349622,-1,-1,"C0"
"SRR1274375",15.2568525082374,-1,7.13637290141346,-1,-1,"C0"
"SRR1274376",12.6052865516404,-1,-1,-1,-1,"C0"
"SRR1274377",12.9304870429996,-1,-1,-1,-1,"C0"
"SRR1274378",12.3648979430337,-1,-1,-1,-1,"C0"
"SRR1274379",11.7733531219244,-1,-1,-1,-1,"C0"
"SRR1274380",10.1317387885015,-1,8.23637350502089,-1,-1,"C0"
"SRR1274381",9.74162759526157,-1,8.84306051517071,-1,-1,"C0"
"SRR1274382",15.0540348896148,-1,-1,-1,-1,"C0"
"SRR1274383",15.2662230791945,-1,-1,-1,-1,"C0"
"SRR1274384",14.9140158942021,-1,2.06849884629981,-1,-1,"C0"
"SRR1274385",15.2229067526708,-1,-1,-1,-1,"C0"
"SRR1274386",15.423084229351,-1,-1,-1,-1,"C0"
"SRR1274387",15.7578054510301,-1,-1,-1,-1,"C0"
"SRR1274388",14.2683135457515,-1,-1,-1,-1,"C0"
"SRR1274389",14.6879698908223,-1,-1,-1,-1,"C0"
"SRR1274390",12.1941592801352,-1,-1,-1,-1,"C0"
"SRR1274391",11.3596998227181,-1,-1,-1,-1,"C0"
"SRR1274392",14.979229705484,-1,-1,-1,-1,"C0"
"SRR1274393",15.2155584764656,-1,-1,-1,-1,"C0"
"SRR1274394",15.6053395736752,-1,2.56193705962243,-1,-1,"C0"
"SRR1274395",15.799013973022,-1,-1,-1,-1,"C0"
"SRR1274396",15.0202780381605,-1,-1,-1,-1,"C0"
"SRR1274397",15.3552950360333,-1,-1,-1,-1,"C0"
"SRR1274398",13.7922866964949,-1,-1,-1,-1,"C0"
"SRR1274399",14.048110825146,-1,-1,-1,-1,"C0"
"SRR1274400",14.1055306680617,-1,-1,-1,-1,"C0"
"SRR1274401",14.5110766397201,-1,-1,-1,-1,"C0"
"SRR1274402",14.7979951054483,-1,-1,-1,-1,"C0"
"SRR1274403",15.0805345516263,-1,-1,-1,-1,"C0"
"SRR1274404",15.9433799429147,-1,8.83955150499501,-1,-1,"C0"
"SRR1274405",16.2593930112958,-1,9.38785211960803,-1,-1,"C0"
"SRR1274406",14.1345444568979,-1,-1,-1,-1,"C0"
"SRR1274407",14.3911820882721,-1,-1,-1,-1,"C0"
"SRR1274408",16.5572779962103,-1,5.16088792719784,-1,-1,"C0"
"SRR1274409",16.8154951926598,-1,6.9114483162698,-1,-1,"C0"
"SRR1274410",-1,-1,-1,14.216416091952,0.962067735839762,"C3"
"SRR1274411",-1,-1,-1,14.4888595438694,-1,"C3"
"SRR1274412",-1,-1,-1,12.5474239937883,-1,"C3"
"SRR1275003",15.359502128297,-1,-1,-1,-1,"C0"
"SRR1275004",15.1925870534064,-1,5.72296869425251,-1,-1,"C0"
"SRR1275005",15.501923171939,-1,7.09915841958977,-1,-1,"C0"
"SRR1275006",14.8662913181166,-1,-1,-1,-1,"C0"
"SRR1275007",15.0089669410174,-1,-1,-1,-1,"C0"
"SRR1275008",13.3004744720608,-1,-1,-1,-1,"C0"
"SRR1275009",13.6059392806891,-1,-1,-1,-1,"C0"
"SRR1275010",14.5304520607356,-1,-1,-1,-1,"C0"
"SRR1275011",14.6635182561097,-1,-1,-1,-1,"C0"
"SRR1275012",13.5869446679852,-1,-1,-1,-1,"C0"
"SRR1275013",13.7773528479444,-1,-1,-1,-1,"C0"
"SRR1275014",13.7743671285329,-1,-1,-1,-1,"C0"
"SRR1275015",13.9112105627785,-1,-1,-1,-1,"C0"
"SRR1275016",15.4123245883103,-1,3.93843635885169,-1,-0.11153923044196,"C0"
"SRR1275017",15.571511831609,-1,-1,-1,-1,"C0"
"SRR1275018",15.0472863638264,-1,2.692873507464,-1,-1,"C0"
"SRR1275019",15.1662666902324,-1,-1,-1,-1,"C0"
"SRR1275020",13.7046724274864,-1,-1,-1,-0.122177238171525,"C0"
"SRR1275021",13.7468396466171,-1,-1,-1,-1,"C0"
"SRR1275022",15.0058393586324,-1,-1,-1,-1,"C0"
"SRR1275023",15.130058007763,-1,-1,-1,-1,"C0"
"SRR1275024",15.0118895661845,-1,-1,-1,-1,"C0"
"SRR1275025",14.9696096046495,-1,-1,-1,-1,"C0"
"SRR1275026",15.1155658536875,-1,0.36938272533894,-1,-1,"C0"
"SRR1275027",15.1934838523912,-1,-1,-1,-1,"C0"
"SRR1275028",-1,-1,1.09173367995776,13.6895869587502,-1,"C3"
"SRR1275029",-1,-1,-1,12.6954802190454,-1,"C3"
"SRR1275030",-1,-1,-1,14.1943398112763,-1,"C3"
"SRR1275031",-1,-1,-1,14.4711126695611,-1,"C3"
"SRR1275032",-1,-1,-1,13.3659372529459,0.591392189598115,"C3"
"SRR1275033",-1,-1,-1,12.4189376081844,-1,"C3"
"SRR1275034",-1,-1,0.497433534432732,13.8823207376015,-1,"C3"
"SRR1275035",-1,-1,-1,14.2171548466942,-1,"C3"
"SRR1275036",-1,-1,1.30731193906419,13.8660418593859,-1,"C3"
"SRR1275037",-1,-1,-1,12.9121005583481,-1,"C3"
"SRR1275038",-1,-1,1.66748343618049,13.4069568820263,-1,"C3"
"SRR1275039",-1,-1,-1,12.9931557327955,-1,"C3"
"SRR1275040",-1,-1,-1,13.8241641845378,-1,"C3"
"SRR1275041",-1,-1,-1,13.8835551242408,-1,"C3"
"SRR1275042",-1,-1,-1,13.7601827865782,-1,"C3"
"SRR1275043",-1,-1,-1,13.9148825332488,-1,"C3"
"SRR1275044",14.9916732112823,-1,7.46686689678043,-1,-1,"C0"
"SRR1275045",15.0102214394089,-1,7.60133475753486,-1,-1,"C0"
"SRR1275046",15.0724463461702,-1,-1,-1,-1,"C0"
"SRR1275047",15.5654326402453,-1,-1,-1,-1,"C0"
"SRR1275048",13.8673289879492,-1,6.37358731481741,-1,-1,"C0"
"SRR1275049",14.0760243524247,-1,6.90915625135265,-1,-1,"C0"
"SRR1275050",14.7269074638324,-1,-1,-1,-1,"C0"
"SRR1275051",14.8514371947099,-1,-1,-1,-1,"C0"
"SRR1275052",10.1513342267244,-1,-1,-1,-1,"C0"
"SRR1275053",10.0574458043714,-1,-1,-1,-1,"C0"
"SRR1275054",13.9593028033845,-1,-1,-1,-1,"C0"
"SRR1275055",14.001353555682,-1,-1,-1,-1,"C0"
"SRR1275056",14.9196160590766,-1,-1,-1,-1,"C0"
"SRR1275057",15.0194626278908,-1,-1,-1,-1,"C0"
"SRR1275058",14.4827155295397,-1,4.52912128839622,-1,-1,"C0"
"SRR1275059",14.6581282196151,-1,5.77495832829804,-1,-1,"C0"
"SRR1275060",13.7465868949352,-1,-1,-1,-1,"C0"
"SRR1275061",14.0563043073582,-1,-1,-1,-1,"C0"
"SRR1275062",15.2047676865981,-1,0.398240905264468,-1,-1,"C0"
"SRR1275063",15.198347614041,-1,-1,-1,-1,"C0"
"SRR1275064",13.9847290925724,-1,-1,-1,-1,"C0"
"SRR1275065",14.4084064582031,-1,-1,-1,-1,"C0"
"SRR1275066",15.1028758109726,-1,-1,-1,-1,"C0"
"SRR1275067",15.111017676011,-1,-1,-1,-1,"C0"
"SRR1275068",14.0835804454082,-1,-1,-1,-1,"C0"
"SRR1275069",14.1622746873092,-1,-1,-1,-1,"C0"
"SRR1275070",14.7655407548173,-1,-1,-1,-1,"C0"
"SRR1275071",14.9655248512435,-1,-1,-1,-1,"C0"
"SRR1275072",13.4102404174617,-0.325358570914176,4.6579829188982,-1,-1,"C0"
"SRR1275073",13.552710134977,-1,4.94725470096803,-1,-1,"C0"
"SRR1275074",15.2730391805306,-1,1.25803643817501,-1,-1,"C0"
"SRR1275075",15.5283667082207,-1,-1,-1,-1,"C0"
"SRR1275076",15.5985435931477,-1,-1,-1,-1,"C0"
"SRR1275077",15.7009025672493,-1,-1,-1,-1,"C0"
"SRR1275078",15.232608882026,-1,-1,-1,-1,"C0"
"SRR1275079",15.2113435279515,-1,-1,-1,-1,"C0"
"SRR1275080",15.0502284658268,-1,0.480265122054463,-1,-1,"C0"
"SRR1275081",15.1470979195015,-1,-1,-1,-1,"C0"
"SRR1275082",13.7242769336774,-1,-1,-1,-1,"C0"
"SRR1275083",13.9546769862463,-1,-1,-1,-1,"C0"
"SRR1275084",15.8987381001813,-1,1.02595012360846,-1,-1,"C0"
"SRR1275085",15.9641612214893,-1,-1,-1,-1,"C0"
"SRR1275086",15.1915674197025,-1,-1,-1,-1,"C0"
"SRR1275088",-1,-1,-1,-1,-1,"C5"
"SRR1275089",-1,-1,-1,-1,-1,"C5"
"SRR1275090",-1,-1,-1,-1,-1,"C5"
"SRR1275091",-1,-1,-1,-1,-1,"C5"
"SRR1275092",-1,-1,-1,-1,-1,"C5"
"SRR1275093",-1,-1,-1,-1,-1,"C5"
"SRR1275094",-1,-1,-1,-1,-1,"C5"
"SRR1275095",-1,-1,-1,-1,-1,"C5"
"SRR1275096",-1,-1,-1,-1,-1,"C5"
"SRR1275097",-1,-1,-1,-1,-1,"C5"
"SRR1275098",-1,-1,-1,-1,-1,"C5"
"SRR1275099",-1,-1,-1,-1,-1,"C5"
"SRR1275100",-1,-1,-1,-1,-1,"C5"
"SRR1275101",-1,-1,-1,-1,-1,"C5"
"SRR1275102",-1,-1,-1,-1,-1,"C5"
"SRR1275103",-1,-1,-1,-1,-1,"C5"
"SRR1275104",-1,-1,-1,-1,-1,"C5"
"SRR1275105",-1,-1,-1,-1,-1,"C5"
"SRR1275106",-1,-1,-1,-1,-1,"C5"
"SRR1275107",-1,-1,-1,-1,-1,"C5"
"SRR1275108",-1,-1,-1,-1,-1,"C5"
"SRR1275109",-1,-1,-1,-1,-1,"C5"
"SRR1275110",-1,-0.530947590145311,-1,-1,-1,"C5"
"SRR1275111",-1,-1,-1,-1,-1,"C5"
"SRR1275112",-1,-1,-1,-1,-1,"C5"
"SRR1275113",-1,-1,-1,-1,-1,"C5"
"SRR1275114",-1,-1,-1,-1,-1,"C5"
"SRR1275115",-1,-1,-1,-1,-1,"C5"
"SRR1275116",-1,-1,-1,4.39719372575455,-1,"C5"
"SRR1275117",-1,-1,-1,-1,-1,"C5"
"SRR1275118",-1,-1,-1,-1,-1,"C5"
"SRR1275119",-1,-1,-1,-1,-1,"C5"
"SRR1275120",15.4257368385512,-1,-1,-1,-1,"C0"
"SRR1275121",15.4473211324278,-1,-1,-1,-1,"C0"
"SRR1275122",16.0026124585522,-1,-1,-1,-1,"C0"
"SRR1275123",16.0156726432359,-1,-1,-1,-1,"C0"
"SRR1275124",15.2834707692146,-1,-1,-1,-1,"C0"
"SRR1275125",15.4520364547214,-1,-1,-1,-1,"C0"
"SRR1275126",13.5802749049156,-1,3.55200811110627,-1,-1,"C0"
"SRR1275127",13.6704827169874,-1,3.8097025428657,-1,-1,"C0"
"SRR1275128",15.4329287311562,-1,-1,-1,-1,"C0"
"SRR1275129",15.5481415240769,-1,-1,-1,-1,"C0"
"SRR1275130",15.5140749554925,-1,-1,-1,-1,"C0"
"SRR1275131",15.6348471567927,-1,-1,-1,-1,"C0"
"SRR1275132",13.4871497787586,-1,-1,-1,-1,"C0"
"SRR1275133",13.7313869846043,-1,-1,-1,-1,"C0"
"SRR1275134",15.4131919774215,-1,-1,-1,-1,"C0"
"SRR1275135",15.5391682793691,-1,-1,-1,-1,"C0"
"SRR1275136",-1,0.837701090933865,10.6806839835154,-1,-1,"C2"
"SRR1275138",-1,0.894526770257395,12.3811901561368,-1,-1,"C2"
"SRR1275140",-1,1.00273851980693,9.98436248741422,-1,-1,"C2"
"SRR1275142",-1,-1,11.863055732688,-1,-1,"C2"
"SRR1275143",-1,-1,11.8559340804298,-1,-1,"C2"
"SRR1275144",-1,0.0630887120192842,12.8689521407729,-1,-1,"C2"
"SRR1275146",-1,-0.130049652341001,12.1958799528503,-1,-1,"C2"
"SRR1275148",-1,0.232660756790275,10.4721905302316,-1,-1,"C2"
"SRR1275150",-1,-0.346114511283354,11.1862975678079,-1,-1,"C2"
"SRR1275152",-1,-1,11.7719544738757,-1,-1,"C2"
"SRR1275154",-1,-1,14.0626056639719,1.66184079130537,-1,"C2"
"SRR1275155",-1,-1,14.2681290450411,-1,-1,"C2"
"SRR1275156",-1,-1,12.5747928419919,2.68383117440132,-1,"C2"
"SRR1275157",-1,-1,12.5402532879479,-1,-1,"C2"
"SRR1275158",-1,-1,11.7880363370417,-1,-1,"C2"
"SRR1275159",-1,-1,11.8988164153147,-1,-1,"C2"
"SRR1275160",-1,-1,13.1068228147872,1.43877189585177,-1,"C2"
"SRR1275161",-1,-1,13.3889445917262,-1,-1,"C2"
"SRR1275162",-1,0.258458622717901,-1,-1,-1,"C5"
"SRR1275163",-1,-1,-1,-1,-1,"C5"
"SRR1275164",-1,-0.407746299885093,-1,-1,-1,"C5"
"SRR1275165",-1,-1,-1,-1,-1,"C5"
"SRR1275166",-1,-1,-1,-1,-1,"C5"
"SRR1275167",-1,-1,-1,-1,-1,"C5"
"SRR1275168",-1,-1,-1,-1,-1,"C5"
"SRR1275169",-1,-1,-1,-1,-1,"C5"
"SRR1275170",-1,-1,-1,0.732486293029945,-1,"C5"
"SRR1275171",-1,-1,-1,-1,-1,"C5"
"SRR1275172",-1,-1,-1,-1,-1,"C5"
"SRR1275173",-1,-1,-1,-1,-1,"C5"
"SRR1275174",-1,-1,-1,-1,-1,"C5"
"SRR1275175",-1,-1,-1,-1,-1,"C5"
"SRR1275176",-1,-1,-1,-1,-1,"C5"
"SRR1275177",-1,-1,-1,-1,-1,"C5"
"SRR1275179",-1,-1,14.6634420313076,1.70460641332374,-1,"C2"
"SRR1275180",-1,-1,14.8093442245377,-1,-1,"C2"
"SRR1275181",-1,-1,12.2738503693111,-1,-1,"C2"
"SRR1275182",-1,-1,12.4462450621955,-1,-1,"C2"
"SRR1275183",-1,-1,12.5879853047577,-1,-1,"C2"
"SRR1275184",-1,-1,12.4566659984537,6.63884133216419,-1,"C2"
"SRR1275185",-1,-1,14.9513126441432,-1,-1,"C2"
"SRR1275186",-1,-1,14.9161923675156,6.37444311005154,-1,"C2"
"SRR1275187",-1,-1,11.8860712575837,2.11766180046556,-1,"C2"
"SRR1275188",5.86067730861883,-1,11.6083703438614,-1,-1,"C2"
"SRR1275189",-1,-1,14.0710041737945,-1,-1,"C2"
"SRR1275190",-1,-1,14.0166615824423,-1,-1,"C2"
"SRR1275191",-1,-1,14.00243579254,1.67473180935466,-1,"C2"
"SRR1275192",-1,-1,14.0087491746545,-1,-1,"C2"
"SRR1275193",-1,-1,3.73847602627076,-1,-1,"C2"
"SRR1275194",-1,-1,5.30804773107158,-1,-1,"C2"
"SRR1275195",-1,-1,14.1705294886149,1.11036324336042,-1,"C2"
"SRR1275196",-1,-1,14.2185089903212,5.28893803413818,-1,"C2"
"SRR1275197",-1,-1,12.3030054622617,2.22023707452667,-1,"C2"
"SRR1275198",-1,-1,12.5299186500932,-1,-1,"C2"
"SRR1275199",-1,-1,14.2159170176519,-1,-1,"C2"
"SRR1275200",-1,-1,14.3052948616277,-1,-1,"C2"
"SRR1275201",-1,-1,12.4526206831688,1.33176253339927,-1,"C2"
"SRR1275202",-1,-1,12.5371859249718,-1,-1,"C2"
"SRR1275203",-1,-1,13.2592340972546,-1,-1,"C2"
"SRR1275204",-1,-1,13.4862186907504,-1,-1,"C2"
"SRR1275207",-1,-1,14.7891294299671,3.55714047106753,-1,"C2"
"SRR1275208",-1,-1,14.7793719032324,5.23857670596791,-1,"C2"
"SRR1275209",-1,-1,13.3681680514492,-1,-1,"C2"
"SRR1275210",-1,-1,13.6638307073535,-1,-1,"C2"
"SRR1275211",-1,-1,13.7641505709178,2.50126078772752,-1,"C2"
"SRR1275212",-1,-1,13.662381198559,-1,-1,"C2"
"SRR1275213",-1,-1,14.3060921512251,4.44063997885681,-1,"C2"
"SRR1275215",-1,-1,14.3477766533776,1.3525325566729,-1,"C2"
"SRR1275216",-1,-1,14.2409885342014,7.11748207153391,-1,"C2"
"SRR1275217",-1,-1,13.0794476659527,-1,-1,"C2"
"SRR1275218",-1,-1,13.1316106720584,-1,-1,"C2"
"SRR1275219",-1,-1,13.3955772844655,-1,-1,"C2"
"SRR1275220",-1,-1,13.3675621940258,5.91810950052468,-1,"C2"
"SRR1275221",-1,-1,13.7195184416106,1.20044157708114,-1,"C2"
"SRR1275222",-1,-1,13.6902118054191,-1,-1,"C2"
"SRR1275223",-1,-1,14.5179533477184,2.43245170303073,-1,"C2"
"SRR1275224",-1,-1,14.490789317765,-1,-1,"C2"
"SRR1275225",-1,-1,12.0765575920563,-1,-1,"C2"
"SRR1275226",-1,-1,12.5167790660884,-1,-1,"C2"
"SRR1275227",-1,-1,10.9006066165014,-1,-1,"C2"
"SRR1275228",-1,-1,10.9651666068419,-1,-1,"C2"
"SRR1275229",-1,-1,11.8767128865451,2.2537170339362,-1,"C2"
"SRR1275230",-1,-1,12.0540179979937,-1,-1,"C2"
"SRR1275231",-1,-1,14.1991415185141,0.658462861174109,-1,"C2"
"SRR1275232",-1,-1,14.2113695198779,-1,-1,"C2"
"SRR1275233",-1,-1,13.9517773876978,-1,-1,"C2"
"SRR1275234",-1,-1,13.9928848446717,-1,-1,"C2"
"SRR1275235",-1,-1,4.94496149177315,-1,-1,"C2"
"SRR1275236",-1,-1,-1,-1,-1,"C2"
"SRR1275237",-1,-1,13.9070151541743,-1,-1,"C2"
"SRR1275238",-1,-1,14.0192276026731,-1,-1,"C2"
"SRR1275239",-1,-0.0381544508247427,10.4022780229478,-1,-1,"C2"
"SRR1275241",-1,-0.134635413442762,-1,-1,-1,"C1"
"SRR1275242",-1,-1,-1,-1,-1,"C1"
"SRR1275243",-1,9.62539799097532,-1,-1,-1,"C1"
"SRR1275244",-1,9.58300244834638,-1,-1,-1,"C1"
"SRR1275245",-1,12.9408910184664,-1,-1,-1,"C1"
"SRR1275246",-1,13.0046751526466,-1,-1,-1,"C1"
"SRR1275247",1.93734439215023,9.69806633701018,-1,-1,-1,"C1"
"SRR1275248",-1,9.35388078083416,-1,-1,-1,"C1"
"SRR1275249",-1,13.4436702698951,-1,-1,-1,"C1"
"SRR1275250",-1,13.5086511099609,-1,-1,-1,"C1"
"SRR1275251",-1,13.5483642761956,-1,-1,-1,"C1"
"SRR1275252",-1,13.4882559668372,-1,-1,-1,"C1"
"SRR1275253",-1,5.47998715671752,-1,-1,-1,"C1"
"SRR1275254",-1,5.85782428008587,-1,-1,-1,"C1"
"SRR1275255",-1,11.4992736772871,-1,-1,-1,"C1"
"SRR1275256",-1,11.1705796385747,-1,-1,-1,"C1"
"SRR1275257",-1,10.750818261197,-1,-1,-1,"C1"
"SRR1275258",-1,10.6372207871339,-1,-1,-1,"C1"
"SRR1275259",-1,10.29609944244,-1,-1,-1,"C1"
"SRR1275260",-1,10.2544746433249,-1,-1,-1,"C1"
"SRR1275261",-1,0.643394453479892,-1,9.143783949471,-1,"C1"
"SRR1275262",-1,-1,-1,9.20279480264919,-1,"C1"
"SRR1275263",-1,0.182565182221083,-1,3.7765146238365,-1,"C1"
"SRR1275264",-1,-1,-1,4.13911745545688,-1,"C1"
"SRR1275265",-1,11.6095136501977,-1,-1,-1,"C1"
"SRR1275266",-1,11.5405341451269,-1,-1,-1,"C1"
"SRR1275267",-1,10.0920449978244,-1,-1,-1,"C1"
"SRR1275268",-1,9.85703827152366,-1,-1,-1,"C1"
"SRR1275269",-1,1.54305038564837,-1,-1,-1,"C1"
"SRR1275270",-1,-1,-1,-1,-1,"C1"
"SRR1275271",-1,12.8153505505878,-1,-1,-1,"C1"
"SRR1275273",-1,11.6915570645203,-1,-1,-1,"C1"
"SRR1275275",-1,10.8373567913961,-1,-1,-1,"C1"
"SRR1275277",-1,12.6857775322001,-1,-1,-1,"C1"
"SRR1275279",-1,12.4395393553469,-1,-1,-1,"C1"
"SRR1275281",-1,12.8267406881798,-1,-1,-1,"C1"
"SRR1275283",-1,11.5364561727457,-1,-1,-1,"C1"
"SRR1275285",-1,11.7043175104474,1.41364823661203,-1,-1,"C1"
"SRR1275287",-1,1.24135208577066,-1,-1,-1,"C1"
"SRR1275289",-1,12.0714243840483,1.12697285625777,-1,-1,"C1"
"SRR1275291",-1,9.77236241550254,1.99949496834999,-1,-1,"C1"
"SRR1275293",-1,12.5806235062227,-1,-1,-1,"C1"
"SRR1275295",-1,12.7545502286023,-1,-1,-1,"C1"
"SRR1275297",-1,12.2271753668453,-1,-1,-1,"C1"
"SRR1275299",-1,13.2280077732199,-1,-1,-1,"C1"
"SRR1275301",-1,12.5122196260001,-1,-1,-1,"C1"
"SRR1275303",-1,-1,13.7428235940693,1.70394232156809,-1,"C2"
"SRR1275304",-1,-1,13.9863105322582,-1,-1,"C2"
"SRR1275305",-1,-1,12.6440991957958,-1,-1,"C2"
"SRR1275306",-1,-1,12.7976863675517,-1,-1,"C2"
"SRR1275307",-1,-1,13.9969955150039,1.51762844886694,-1,"C2"
"SRR1275308",-1,-1,14.2128352085089,-1,-1,"C2"
"SRR1275309",-1,-1,13.5039261617741,-1,-1,"C2"
"SRR1275310",-1,-1,13.5229584853856,-1,-1,"C2"
"SRR1275311",-1,-1,14.0262730153339,1.58890048769913,-1,"C2"
"SRR1275312",-1,-1,14.016769356328,-1,-1,"C2"
"SRR1275313",-1,-1,14.9053062930744,0.63886160008256,-1,"C2"
"SRR1275314",-1,-1,15.0759731194391,-1,-1,"C2"
"SRR1275315",-1,-1,14.7102556178213,-1,-1,"C2"
"SRR1275316",-1,-1,14.6857816925318,-1,-1,"C2"
"SRR1275317",-1,-1,13.4994645512214,-1,-1,"C2"
"SRR1275318",-1,-1,13.5874475757748,-1,-1,"C2"
"SRR1275319",-1,-1,14.6149922886558,1.34550992425134,-1,"C2"
"SRR1275320",-1,-1,14.5998022015011,-1,-1,"C2"
"SRR1275321",-1,-1,13.7104905405787,0.838346736521231,-1,"C2"
"SRR1275322",-1,-1,13.7440787051702,-1,-1,"C2"
"SRR1275324",14.3589296248808,-1,-1,-1,-1,"C0"
"SRR1275325",14.4665755110935,-1,-1,-1,-1,"C0"
"SRR1275326",9.43253041724165,-1,-1,-1,-1,"C0"
"SRR1275327",8.09091692795518,-1,-1,-1,-1,"C0"
"SRR1275328",16.1399057156087,-1,-1,-1,-1,"C0"
"SRR1275329",16.3838881676809,-1,-1,-1,-1,"C0"
"SRR1275330",10.6097814592488,-1,-1,-1,-1,"C0"
"SRR1275331",8.92221747595759,-1,-1,-1,-1,"C0"
"SRR1275332",13.247245794672,-1,-1,-1,-1,"C0"
"SRR1275333",13.5303608558844,-1,-1,-1,-1,"C0"
"SRR1275334",-1,11.3860019191105,-1,-1,-1,"C1"
"SRR1275335",-1,11.3919807546564,-1,-1,-1,"C1"
"SRR1275336",-1,8.1383614057771,-1,-1,-1,"C1"
"SRR1275337",-1,8.5929951443784,-1,-1,-1,"C1"
"SRR1275338",-1,-1,-1,-1,-1,"C1"
"SRR1275339",-1,-1,-1,-1,-1,"C1"
"SRR1275340",-1,13.1999858914472,-1,-1,-1,"C1"
"SRR1275342",-1,-0.41465283188798,-1,-1,-1,"C1"
"SRR1275344",-1,-0.27840860122462,-1,-1,-1,"C1"
"SRR1275346",-1,-0.228705984348338,0.539431811434833,-1,-1,"C1"
"SRR1275347",-1,-1,-1,-1,-1,"C1"
"SRR1275348",-1,-0.113410835081818,-1,-1,-1,"C1"
"SRR1275349",-1,-1,-1,-1,-1,"C1"
"SRR1275350",-1,0.622555576261389,1.20019044429998,-1,-1,"C1"
"SRR1275352",-1,0.402285591869996,-1,-1,-1,"C1"
"SRR1275354",-1,10.9799891581268,-1,-1,-1,"C1"
"SRR1275356",-1,11.5743871362322,-1,-1,-1,"C1"
"SRR1275357",-1,11.6040854587632,-1,-1,-1,"C1"
"SRR1275358",-1,-1,0.36289064266586,-1,-1,"C1"
"SRR1275360",-1,11.6042005271815,0.665210830813277,-1,-1,"C1"
"SRR1275362",-1,1.01849174903988,0.213751646311006,-1,-1,"C1"
"SRR1275364",-1,10.7264394861802,-1,-1,-1,"C1"
"SRR1275366",-1,9.03270422822948,-1,-1,-1,"C1"
"SRR1275368",-1,2.40789654874953,-1,-1,-1,"C1"
"SRR1275370",-1,8.32383840051836,-1,-1,-1,"C1"
"SRR1275372",13.1739430267268,-1,5.82540404623068,-1,-1,"C0"
"SRR1275373",13.5108946497788,-1,6.38943774810811,-1,-1,"C0"
"SRR1275374",14.2631782073491,-1,-1,-1,-1,"C0"
"SRR1275375",14.3887663502126,-1,-1,-1,-1,"C0"
"SRR1275376",14.8320879298296,-1,-1,-1,-1,"C0"
"SRR1275377",15.1117955343517,-1,-1,-1,-1,"C0"
"SRR1275378",13.7420036521328,-1,-1,-1,-1,"C0"
"SRR1275379",14.1405739300822,-1,-1,-1,-1,"C0"
"SRR1275380",15.6858508672364,-1,-1,-1,-1,"C0"
"SRR1275381",15.9961157078177,-1,-1,-1,-1,"C0"
"SRR1275382",14.0376340826991,-1,-1,-1,-1,"C0"
"SRR1275383",14.372232865333,-1,-1,-1,-1,"C0"
"SRR1275384",15.0489966570681,-1,-1,-1,-1,"C0"
"SRR1275385",15.2712008335047,-1,-1,-1,-1,"C0"
"SRR1275386",14.6698642920351,-1,-1,-1,-1,"C0"
"SRR1275387",14.9347329822965,-1,-1,-1,-1,"C0"
